",",COLLEGE NAME, WEBSITE,ADRESS
1,"Abhinava Bharathi College of Pharmacy, Mandya",,
2,"Academy Of Management Studies, Hyderabad",http://www.useams.org/,
3,"Academy Of Mass Communication, Lucknow",https://www.amclko.org/,
4,"Acharaya Shri Chander College Of Medical Sciences, Jammu",http://ascomscollege.com/,
5,"Acharya Institutes of Science & Management, Bangalore",https://www.acharya.ac.in/,
6,"Acharya Panth Shri GMNS Government College, Kawardha",https://pgcollegekawardha.edu.in/,
7,"ACME College Of Information Technology ACIT, Hyderabad",http://acmecollege.com/,
8,"Adarsh College Of Education, Jind",http://www.adarshcollegeedu.co.in/ContactUs.aspx,
9,"Adhiyamaan Polytechnic College, Hosur",http://www.adhiyamaanpolytech.in/,
10,Aditya Engineering College,https://www.aec.edu.in/,
11,"Aditya Institute of Technology And Management (AITAM), Srikakulam",http://www.adityatekkali.edu.in/,
12,Administrative Staff College of India,https://www.asci.org.in/,
13,"Agartala Government Medical College, Agartala",http://www.agmc.nic.in/,
14,"Ahmedabad Institute Of Nursing Science, Lapkaman",https://www.ainsahmedabad.org/,
15,"Aizawl Theological College, Aizawl",https://atc.edu.in/,
16,"AKRG Degree College, Nallajerla",null,
17,"Al Ameen Memorial Minority College, Baruipur",https://ammcollege.in/,
18,"Al Hafeez College, Ara",https://alhafeezcollege.org/,
19,"Alipurduar College, Alipurduar",https://alipurduarcollege.ac.in/,
20,"All India Institute Of Medical Sciences AIIMS, Jodhpur",https://www.aiimsjodhpur.edu.in/,
21,"All India Institute of Medical Sciences, Bhopal (AIIMS Bhopal)",https://aiimsbhopal.edu.in/index_controller/index,
22,"Alpha College Of Engineering And Technology, Puducherry",http://www.aceatech.com/,
23,"Ambedkar College, Fatikroy",http://actripura.edu.in/,
24,"Ambedkar Institute of Management Studies, Visakhapatnam",https://aimsbschool.org/,
25,"Amity Business School, Jaipur",https://www.amity.edu/jaipur/abs/,
26,"Amjad Ali Khan College Of Business Administration, Hyderabad",http://amjadalikhancollege.edu.in/,
27,"Ampati Degree College, Ampati",http://ampatidegreecollege.in/,
28,"Ananda Chandra College Of Commerce, Jalpaiguri",https://www.accommercejpg.org/,
29,"Ananda Chandra Training College, Jalpaiguri",https://www.actrainingcollege.org/,
30,"Andhra Christian Theological College ACTC, Hyderabad",http://www.actc.edu.in/,
31,"Andhra Loyola College, Vijayawada",http://www.andhraloyolacollege.ac.in/,
32,"Andhra Medical College, Visakhapatnam",http://www.amc.edu.in/,
33,"Anil Neerukonda Institute of Technology & Sciences (ANITS), Vishakapatnam",https://www.indcareer.com/andhra-pradesh/visakhapatnam/www.anits.edu.in,
34,"Annabattuni Satyanarayana Degree College, Tenali",null,
35,Annamacharya Institute of Technology & Science,null,
36,"Anushree Homoeopathic Medical College AHMC, Jabalpur",http://anushreecollege.com/home.php,
37,"APS College Of Nursing, Jalandhar",http://apscollegeofnursing.com/,
38,"AQJ Centre for PG Studies, Visakhapatnam",http://www.aqjpgstudies.org/,
39,"AR College Of Pharmacy & GH Patel Institute Of Pharmacy, Vallabh Vidyanagar",http://www.arghpharmacy.ac.in/,
40,"Arafa Arts And Science College, Thrissur",http://www.arafatrust.org/arafa_arts_science.html,
41,"Aries International Maritime Research Institute, Cochin",https://aimri.in/,
42,"Arvind Mahila College, Patna",http://www.samcpatna.org/,
43,"Arvindbhai Patel Institute Of Environmental Design APIED, Anand",http://www.apied.edu.in/,
44,"Arya School Of Management & Information Technology ASMIT, Bhubaneswar",https://www.aryamgt.ac.in/,
45,"Aryan College Of Education, Roorkee",http://aryanedu.com/,
46,"Aryavart College Of Education, Muana",http://www.aryavartgyan.com/,
47,"Asha Academy For BEd, Roorkee",http://ashaacademy.org/,
48,"Asian School of Architecture & Design Innovations (ASADI), Kochi",https://www.asadi.edu.in/,
49,"ASNM Government Degree College, West Godavari",http://sriasnmgdcpalakol.in/,
50,"ASR College of Engineering, Tanuku",http://asrgroup.co.in/asrcoe/,
51,"Atal Bihari Vajpayee Govt. College, Nagarda",null,
52,"Audisankara Institute of Technology (ASIT), Gudur",null,
53,"Avanthi Institute of Engineering & Technology, Visakhapatnam",http://avanthienggcollege.ac.in/,
54,Avinashilingam Institute for Home Science and Higher Education for Women,http://avinuty.ac.in/maincampus/,
55,"B S S Mahila College, Dhanbad",http://bssmc.in/,
56,"BA & KR Degree & PG College, Ongole",null,
57,"Baba Farid Institute Of Technology BFIT, Dehradun",https://bfitdoon.com/,
58,"Babu Shobha Ram Government Arts College, Alwar",https://hte.rajasthan.gov.in/college/gcaalwar,
59,"Bagwanlal K Modi Govt Pharmacy College, Rajkot",http://www.bkmp.cteguj.in/,
60,"Bakshirhat MahavidyalayaC, Cooch Behar",https://www.bakshirhatmahavidyalaya.org/,
61,"Balaji Institute of Engineering and Management, Nellore",http://beam.edu.in/,
62,"Balasore Mahila College, Balasore",null,
63,"Bapatla College of Pharmacy, Guntur",http://www.bcop.net/,
64,Bapatla Engineering College,null,
65,"Bapatla Engineering College, Bapatla",http://www.becbapatla.ac.in/,
66,"Basaveshwar Science College, Bagalkot",https://www.bvvsbscbgk.org/,
67,"BCARE Institute Of Management & Technology, Nabagram",http://bimt.org.in/,
68,"Bhai Gurdas College Of Law, Sangrur",https://bgcl.net.in/,
69,"Bhai Gurdas Institute Of Engineering & Technology BGIET, Sangrur",https://bgiet.ac.in/,
70,"Bhai Gurdas Institute Of Nursing BGIN, Sangrur",https://bgin.co.in/,
71,"Bhai Gurdas Polytechnic College BGPC, Sangrur",https://bgpc.in/,
72,"Bhai Surender Kumar Memorial College Of Education, Jind",http://www.bskmcollege.info/,
73,"Bhanu Pratap Dev Govt PG College, Kanker",https://govtbpdpgcollege.com/,
74,"Bharath Institute of Science and Technology (BIST), Chennai",https://www.bharathuniv.ac.in/,
75,"Bhaskara Institute Of Pharmacy, Bobbili",null,
76,"Bhavans Tripura College Of Science And Technology, Agartala",http://www.btcstagartala.org/,
77,"Bhavans Tripura College Of Teacher Education, Agartala",https://www.btcte.in/,
78,"Bhubaneswar Institute Of Technology BIT, Bhubaneswar",https://bit.edu.in/,
79,"Bidar Vidya Kendar Shanthiniketan,Chidri Bidar",null,
80,"Bihar College of Pharmacy,Patna",https://biharcollegeofpharmacy.com/,
81,"Bijanbari Degree College, Darjeeling",http://www.bijanbaridegreecollege.org/,
82,"Biju Patnaik Institute Of Information Technology And Management Studies BIITM, Bhubaneswar",https://www.biitm.ac.in/,
83,"Bir Bikram Memorial College, Agartala",http://www.bbmc.nic.in/,
84,"Birla Institute Of Technology BIT, Deoghar",https://www.bitmesra.ac.in/,
85,"Birla Institute Of Technology BIT, Jaipur",https://www.bitmesra.ac.in/BIT_Mesra?cid=5&pid=H,
86,"Birla Vishvakarma Mahavidyalaya BVM, Anand",https://www.bvmengineering.ac.in/,
87,"Birpara College, Birpara",https://birparacollege.ac.in/,
88,"Bissau College, Shillong",http://www.bissaucollege.co.in/,
89,"Bitoli Devi Mahavidyalaya, Shahjahanpur",http://vitolidevimahavidhyalaya.in/index.php,
90,"BITS Pilani, Goa",https://www.bits-pilani.ac.in/Goa/,
91,"BMD College of Education, Rewari",https://bmdeducation.org/,
92,"BNC College, Dhamdaha",null,
93,"BNM Homoeopathic Medical College Hospital, Saharsa",http://www.bnmhmchsaharsha.com/,
94,"Bright Institute Of Technology & Management BITM, Bokaro",http://brightedu.webs.com/,
95,"BSK College, Barharwa",http://www.bskcollegebarharwa.com/,
96,"Buddha Bhanu Saraswati College, Shillong",http://bbscollege.inshillong.com/,
97,"C M Nursing Institute, Bhilai",null,
98,"Capital College Of Higher Education, Kohima",http://www.capitalcollegekohima.org/,
99,"Care College of Education, Gwalior",null,
100,"CCS College, Rajpur",http://www.ccscollege.in/,
101,"Central Institute of Higher Tibetan Studies (CIHTS),Varanasi",https://www.cihts.ac.in/webpage/index.aspx,
102,"Central Institute Of Himalayan Culture Studies, Bomdila",http://www.cihcs.edu.in/,
103,"Central Island Agricultural Research Institute ICAR, Port Blair",https://ciari.icar.gov.in/,
104,"Centre For Continuing Education, Vinayaka Missions Sikkim University, Gangtok",http://www.vmsuniversity.in/about-ccer,
105,"Centre For Studies & Research On Life And Works Of Sardar Vallabhbhai Patel CERLIP, Vallabh Vidyanagar",http://www.cerlip.res.in/,
106,"CG College Of Nursing, Raipur",http://www.cgnursing.com/,
107,"Ch SD St Theresas College for Women, Eluru",http://www.chsd-theresacollege.net/,
108,"Chaitanya Degree & PG College for Women, Visakhapatnam",null,
109,"Chamba Millennium Pvt ITI, Saru",http://cmes.co.in/index.php/iti-home,
110,"Chandigarh College Of Architecture, Chandigarh",http://cca.edu.in/,
111,"Chimanbhai MU Patel Industrial Training Centre, Vallabh Vidyanagar",http://www.cmuitcvvn.edu.in/,
112,"Christ College Of Nursing, Jagdalpur",http://christnursing.com/,
113,"Christ The King Institute of Technology, Coimbatore",http://ckpcindia.org/,
114,"Christian Academy College, Shillong",https://www.christianacademyshg.in/,
115,"Christian Institute Of Health Sciences And Research, Dimapur",https://cihsr.in/,
116,"Christu Jayanthi Jubilee College, Guntur",http://www.cjjpgcollege.ac.in/,
117,"Cluny Womens College, Kalimpong",http://www.clunycollege.com/,
118,"CMR Institute of Management and Technology, Bangalore",https://ims.cmr.ac.in/,
119,"College Of Agricultural Engineering And Post Harvest Technology CAE&PHT, Gangtok",http://www.caephtcau.ac.in/,
120,"College of Agricultural Engineering, Anantapur",http://www.caemadakasira.ac.in/,
121,"College Of Fisheries CF, Agartala",http://cofcau.nic.in/,
122,"College Of Horticulture And Forestry CH&F, Pasighat",http://www.chfcau.org.in/,
123,"College of Science and Technology, Andhra University, Visakhapatnam",https://andhrauniversity.edu.in/,
124,"College Of Teacher Education, Tura",https://ctetura.edu.in/,
125,"College Of Technology And Engineering, Udaipur",https://www.ctae.ac.in/,
126,"College Of Veterinary Science And Animal Husbandry CVS&AH, Aizawl",https://www.cvsccauaizawl.edu.in/,
127,"Colonel Degree College for Women, Chural Kalan",http://www.colonelinstitutes.com/degree,
128,"CSTS Government Degree College, West Godavari",https://www.cstsgk.ac.in/,
129,"CZ Patel College Of Business & Management, Anand",http://www.czp.edu.in/,
130,"Dadi Satyanarayana College of Education, Anakapalle",http://www.dsnce.diet.edu.in/,
131,"Dadi Veerunaidu PG College (DVNPGC), Anakapalle",https://www.indcareer.com/andhra-pradesh/visakhapatnam/www.dadiakp.com,
132,"Damber Singh College, Gangtok",http://www.res.ac.in/dsc/,
133,"Darbhanga Medical College, Darbhanga",http://www.darbhangamedicalcollege.com/,
134,"Dasaratha Deb Memorial College, Khowai",http://www.ddmctripura.edu.in/,
135,"DAV Institute Of Engineering And Technology, Daltonganj",http://www.davietpalamau.org/,
136,"DAV Mahila College, Katrasgarh",https://davmm.in/,
137,"Daying Ering College Of Teachers Education, Pasighat",https://decte.co.in/,
138,"Deccan School of Pharmacy,Hyderabad",http://www.deccanpharmacy.com/,
139,"Dev Indrawati Mahavidyalaya, Ambedkar Nagar",http://devindrawati.org.in/index.htm,
140,"Dewan Abdul Gani College, Harirampur",http://dagcol.ac.in/,
141,Dhalai District Polytechnic,http://ddpambassa.ac.in/,
142,"Dhruva College Of Management, Hyderabad",http://www.dhruva.ac.in/,
143,"Diamond Pvt ITI, Bhoranj",http://www.diamonditi.com/,
144,"Dibrugarh University Department of Pharmaceutical Sciences, Dibrugarh",https://dibru.ac.in/,
145,"Directorate Of Archives And Archaeology, Government of Goa, Panaji",http://daa.goa.gov.in/,
146,"Disha College Of Management And Technology, Berhampur",http://dishacollege.in/,
147,"DL Reddy College, Gollalamamidala",http://www.dlrcollege.org/,
148,"DN Jain College, Jabalpur",https://www.dnjaincollege.org/,
149,"DNR College of Education, Bhimavaram",https://dnrcollege.org/en/,
150,"DNR College of Law, Bhimavaram",http://www.dnrlawcollege.in/,
151,"DNR College, Bhimavaram",http://www.dnrcollege.org/,
152,"Dnyanprassarak Mandals College And Research Centre, Mapusa",http://dmscollege.ac.in/,
153,"DOEACC, Aizawl",null,
154,"Don Bosco College Of Engineering, Margao",http://www.dbcegoa.ac.in/,
155,"Don Bosco College Of Teacher Education, Tura",http://dbctetura.in/,
156,"Don Bosco College, Itanagar",https://dbcitanagar.com/,
157,"Doon Ghati College of Professional Education, Dehradun",https://doonghaticollege.com/index.php,
158,"Dr B R Ambedkar Government Law College, Puducherry",https://aglc1972.edu.in/,
159,"Dr B R Ambedkar Govt P G Boys College, Sriganganagar",https://hte.rajasthan.gov.in/college/gcganganagar,
160,"Dr B R Ambedkar Institute of Technology (DBRAIT), Port Blair",http://dbragpt.and.nic.in/,
161,"Dr B R Ambedkar Polytechnic College, Yanam",http://drbraptcynm.edu.in/,
162,"Dr Bhim Rao Ambedkar College, New Delhi",https://www.drbrambedkarcollege.ac.in/,
163,"Dr BR Ambedkar College Of Law, Visakhapatnam",https://www.drbrambedkarcollegeoflaw.com/,
164,"Dr CSN Degree & PG College, Bhimavaram",http://www.drcsninstitutions.org/,
165,"Dr H L Thimmegowda College of Pharmacy, Bangalore",http://www.hltcollegeofpharmacy.org/,
166,"Dr KV Subba Reddy College of Engineering for Women (KVSW), Kurnool",http://drkvsrcew.in/,
167,Dr Lankapalli Bullayya Graduate College,https://bullayyacollege.org/,
168,"Dr LB College, Visakhapatnam",https://www.bullayyacollege.org/pg-college/index.php,
169,"Dr MC Saxena College Of Medical Sciences, Lucknow",http://www.mcscms.in/,
170,"Dr MC Saxena College Of Pharmacy MCSGOC, Lucknow",https://www.mcsgoc.com/dr-mc-saxena-college-of-pharmacy.php,
171,"DR MGR Engineering College, Chennai",https://www.drmgrdu.ac.in/,
172,"Dr N R S Govt Ayurvedic College, Vijayawada",http://www.panchakarma.com/dr-n-r-shastry-government-ayurvedic-college-vijayawada-andhra-pradesh-p-183.html,
173,Dr Paul Raj Engineering College,http://www.dprec.ac.in/,
174,"Dr Samuel George Institute of Pharmaceutical Sciences, Prakasam",http://www.drsgips.ac.in/,
175,"Dr Shankar Dayal Sharma Smriti Mahavidyalaya, Bhopal",http://drsdscollegebhopal.com/,
176,"Dr. Ambedkar College, Nagpur",http://dacn.in/,
177,"Dr. R.B. Singh Gaya Homoeopathy Medical Colege & Hospital, Bodh Gaya",http://drrbsinghghmchgaya.org/,
178,"Durama College, Tura",https://duramacollege.in/,
179,"Durgabai Deshmukh College of Special Education, New Delhi",https://www.durgabaideshmukhcollege.org/index.html,
180,"Eastern Dooars BEd Training College, Alipurduar",http://edbdtc.org.in/,
181,"Eastern Institute For Integrated Learning In Management EIILM, Namchi",https://www.eiilm.co.in/,
182,"Einstein Academy Of Technology & Management EATM, Bhubaneswar",https://eatm.in/,
183,"Eliezer Joldan Memorial College (EJMC), Leh",http://www.ejmcollegeleh.in/,
184,"Ettumanoorappan College, Kottayam",https://ettumanoorappancollege.edu.in/,
185,"Everest Pvt ITI, Nirmand",https://everestiti.com/,
186,"Everest Pvt ITI, Rampur Bushahr",https://everestiti.in/,
187,"Faculty Of Agriculture, Govind Ballabh Pant University Of Agriculture & Technology, Pantnagar",http://www.gbpuat.ac.in/,
188,"Faculty Of Anthropology, Andhra University, Visakhapatnam",https://andhrauniversity.edu.in/,
189,"Faculty Of Anthropology, Sri Venkateswara University, Tirupati",https://www.svuniversity.edu.in/about,
190,"Faculty Of Archaeology, Andhra University, Visakhapatnam",https://andhrauniversity.edu.in/,
191,"Faculty of Nursing, Jamia Hamdard, New Delhi",http://jamiahamdard.edu/,
192,"Fairfield Institute Of Management & Technology FIMT, New Delhi",http://www.fimt-ggsipu.org/,
193,"Falakata BEd College, Falakata",https://www.falakatabedcollege.com/,
194,"Falakata College, Jalpaiguri",http://www.falakatacollege.org.in/,
195,"Footwear Design & Development Institute FDDI, Noida",https://www.fddiindia.com/,
196,"Forest College & Research Institute (FCRI), Hyderabad",http://www.fcrits.in/,
197,"Fr Agnel College Of Arts & Commerce, Pilar",https://www.fragnelcollege.edu.in/,
198,"Frankfinn Institute Of Air Hostess Training, Dehradun",https://www.frankfinn.com/,
199,"Future Institute of Technology (FIT), Garia, Kolkata",http://www.future-technology.in/,
200,"G D Bagaria Teachers Training College, Giridih",http://www.gdbagariateachertrainingcollege.org/,
201,G Pulla Reddy Engineering College,http://www.gprec.ac.in/,
202,"Galaxy Pvt ITI, Paonta Sahib",http://galaxyprivateiti.org/,
203,"Gandhi Institute For Technology GIFT, Bhubaneswar",https://college.gift.edu.in/,
204,Gandhi Institute of Technology & Management,https://www.gitam.edu/,
205,"Gate Degree College, Tirupati",null,
206,"Gate Institute of Technology And Management Sciences, Tirupati",http://www.gatetirupati.com/,
207,"Gateway College Of Architecture And Design GCAD, Sonipat",https://gateway.edu.in/gcad/,
208,"Gateway Institute Of Engineering & Technology GIET, Sonipat",https://gateway.edu.in/giet/,
209,"Gateway Institute Of Hotel & Tourism Management, Sonipat",https://gateway.edu.in/gihm/,
210,"Gayatri College of Science & Management, Srikakulam",null,
211,"Gayatri Degree & PG College, Tirupati",http://www.gayatricollege.in/,
212,"Geeta Arya College Of Education, Julana",http://www.geetaaryacollegeofeducation.com/,
213,Geetanjali College of Pharmaceutical Studies Udaipur Rajasthan,https://www.geetanjaliuniversity.com/,
214,"Geetanjali Institute Of Technical Studies, Udaipur",https://www.gits.ac.in/,
215,"Geethanjali Institute of Science and Technology (GIST), Nellore",http://www.gist.edu.in/,
216,"Ghoom Jorebunglow Degree College, Darjeeling",http://ghoomjorebunglowcollege.com/,
217,"Global Tech Institute Of Management GTIM, New Delhi",https://gtim.edu.in/,
218,GMR Institute of Technology,http://www.gmrit.org/,
219,"Goa College Of Architecture, Panaji",https://www.gcarch.goa.gov.in/,
220,"Goa College Of Art, Panaji",https://www.goacollegeofart.com/,
221,"Goa College Of Engineering, Ponda",http://www.gec.ac.in/,
222,"Goa College Of Engineering, Ponda",http://www.gec.ac.in/,
223,"Goa College Of Home Science, Panaji",http://www.goahomescience.gov.in/,
224,"Goa College Of Hospitality & Culinary Education, Vainguinim Beach",https://www.goahospitalitycollege.com/,
225,"Goa Dental College And Hospital, Bambolim",http://gdch.goa.gov.in/,
226,Godavari Institute of Engineering & Technology,http://www.giet.ac.in/,
227,"Gopabandhu Science College, Athgarh",http://www.gscathgarh.in/index,
228,"Goswami Tulsidas Govt. PG College Karwi, Chitrakoot",https://www.gtgdc.org/index.php,
229,"Government Arts College, Jam Kalyanpur",null,
230,"Government Arvind College, Kirandul",http://www.gackdl.com/,
231,"Government College For Women GCW, Parade",https://www.gcwparade.in/,
232,"Government College Of Engineering & Technology, Jammu",http://gcetjammu.org.in/,
233,"Government College Of Nursing, Kozhikode",https://govcnc.org/,
234,"Government College, Anantapur",http://www.gdcatp.org/,
235,"Government College, Bomdila",http://govtcollegebomdila.in/,
236,"Government College, Khandar",https://hte.rajasthan.gov.in/college/gckhandar,
237,"Government College, Kurwai",https://www.govcollegekurwai.in/,
238,"Government College, Nagina",http://gcnagina.ac.in/Home,
239,"Government College, Rhenock",http://sgcrhenock.in/,
240,"Government College, Yachuli",http://www.gcyachuli.ac.in/,
241,"Government Degree College, Akhnoor",http://gdcakhnoor.com/,
242,"Government Degree College, Bhadarwah",https://www.gdcbhadarwah.com/,
243,"Government Degree College, Charkhari",null,
244,"Government Degree College, Dharmanagar",http://www.gdcdharmanagar.in/,
245,"Government Degree College, Doimukh",http://www.gcdap.org/,
246,"Government Degree College, Kamalpur",http://gdcktripura.nic.in/,
247,"Government Degree College, Kangan",http://gdckangan.com/,
248,"Government Degree College, Paloura",http://www.gdcpaloura.in/,
249,"Government Dental College and Hospital, Hyderabad",https://gdchyd.com/,
250,"Government First Grade College, Holenarasipura",https://gfgc.kar.nic.in/holenarsipur-women,
251,"Government Girls Polytechnic, Almora",http://ggpalmora.org.in/,
252,"Government Girls Polytechnic, Kotabagh",http://www.gpkotabagh.org.in/,
253,"Government Girls Polytechnic, Suddhowala",http://www.ggpdun.com/,
254,"Government Gundadhur PG College, Kondagaon",http://ggckondagaon.in/,
255,"Government Homeopathic Medical College, Thiruvananthapuram",http://www.ghmct.org/,
256,"Government Johnson College, Aizawl",null,
257,"Government Kamalanagar College, Kamalanagar",http://www.gknc.in/,
258,"Government Law College, Ernakulam",http://glcekm.com/,
259,"Government Lawngtlai College (GLC), Lawngtlai",http://www.lawngtlaicollege.mizoram.gov.in/,
260,"Government Medical College, Jammu",http://www.gmcjammu.nic.in/,
261,"Government Medical College, Kannauj",http://govtmckannauj.in/,
262,"Government MH College Of Home Science & Science For Women, Jabalpur",http://www.gmhcollege.org.in/,
263,"Government Model College, Seppa",http://www.gmcseppa.com/,
264,"Government P.G College For Women, Rohtak (GPGCW, Rohtak)",https://gcwrohtak.com/,
265,"Government Physiotherapy College, Raipur",https://business.google.com/website/gpcraipur,
266,"Government Polytechnic, Bhaga",http://www.gpbhaga.com/,
267,"Government Polytechnic, Dwarahat",http://www.gpdwarahat.com/,
268,"Government Polytechnic, Kabirdham",https://gpkabirdham.ac.in/,
269,"Government Polytechnic, Koderma",http://gp-koderma.org/,
270,"Government Polytechnic, Narendranagar",http://www.gpnngr.org.in/,
271,"Government Polytechnic, Shaktifarm",http://www.governmentpolytechnicshaktifarm.com/,
272,"Government Rewtiraman Mishra PG College, Surajpur",http://www.govtcollegesurajpur.ac.in/index.aspx,
273,"Government Saiha College, Saiha",http://www.governmentsaihacollege.edu.in/,
274,"Government Serchhip College (GSC), Serchhip",http://www.serchhipcollege.ac.in/,
275,"Government Teachers Training Institute, Port Blair",null,
276,"Govindbhai Jorabhai Patel AyurvedIc College & Research Centre, Anand",http://www.ayugjac.edu.in/,
277,"Govt Art & Commerce College, Rampur Naikin",null,
278,"Govt Degree College For Women, Kathua",http://www.gdcwkathua.in/,
279,"Govt Degree College, Bani",http://www.gdcbani.com/,
280,"Govt Degree College, Budhal",http://www.gdcbudhal.com/,
281,"Govt Degree College, Dharmari",https://www.gdcdharmari.co.in/,
282,"Govt Degree College, Gool",http://www.gdcgool.com/,
283,"Govt Degree College, Jindrah",https://www.gdcjindrah.co.in/,
284,"Govt Degree College, Kargil",http://universityofladakh.org.in/dckargil.php,
285,"Govt Degree College, Khour",http://www.gdckhour.com/,
286,"Govt Degree College, Khumulwng",http://khumulwngcollege.in/,
287,"Govt Degree College, Mahanpur",https://www.gdcmahanpur.co.in/,
288,"Govt Degree College, Nowshera",http://www.gdcnowshera.co.in/,
289,"Govt Degree College, Surankote",https://www.gdcsurankote.in/,
290,"Govt Hnahthial College, Hnahthial",null,
291,"Govt Homoeopathic Medical College, Bhopal",http://www.ghmcbhopalayush.com/,
292,"Govt Industrial Training Institute ITI, Berthin",https://www.itiberthin.org/,
293,"Govt Industrial Training Institute ITI, Chintpurni",http://www.itichintpurni.org/,
294,"Govt Industrial Training Institute ITI, Kullu",http://itikullu.in/,
295,"Govt J Buana College, Lunglei",null,
296,"Govt J Thankima College, Aizawl",null,
297,"Govt Khawzawl College, Khawzawl",http://khawzawlcollege.com/,
298,"Govt Mizoram Law College MLC, Aizawl",https://mlc.mizoram.gov.in/,
299,"Govt Naveen Mahavidyalaya, Odgi",http://govtcollegeodgi.ac.in/,
300,"Govt Saitual College, Saitual",http://saitualcollege.net/,
301,"Govt Shahid Gend Singh College, Charma",http://www.govtcollegecharama.in/,
302,"Govt T Romana College, Aizawl",http://www.trcollege.net/,
303,"Govt Technical Training Centre, Chennai",http://gttcguindy.in/,
304,"Govt Womens Polytechnic College, Jabalpur",http://www.gwpcjabalpur.org/,
305,"Govt Zirtiri Residential Science College, Aizawl",http://www.gzrsc.edu.in/,
306,"Govt. Degree College, Drass",http://universityofladakh.org.in/dcdrass.php,
307,"Govt. Degree College, Khaltsi",http://universityofladakh.org.in/dckhaltsi.php,
308,"Govt. Degree College, Nubra",http://universityofladakh.org.in/dcnubra.php,
309,"Govt. Degree College, Zanskar",http://universityofladakh.org.in/dczanskar.php,
310,Gramothan Vidyapeeth Mahila College Alwar Rajasthan,https://gramotthancollege.com/,
311,"Graphic Era University, Dehradun",https://www.geu.ac.in/,
312,"Great Lakes Institute Of Management, Gurgaon",https://www.greatlakes.edu.in/gurgaon/,
313,Gudlavalleru College of Engineering & Technology,http://gecgudlavalleru.ac.in/,
314,Guntur Medical College,http://gunturmedicalcollege.edu.in/,
315,"Guru Nanak Dev Dental College And Research Institute, Sunam",https://www.gnddentalcollege.com/,
316,"Guru Raghavendra Institute of Pharmaceutical Sciences, Vizianagaram",null,
317,"Guru Teg Bahadur Khalsa Institute Of Engineering & Technology GTBKIET, Muktsar",https://gtb.org.in/,
318,"Gurukul Institute, Raipur",http://www.gurukulinstitute.org/,
319,"GVMs Dr Dada Vaidya College Of Education, Ponda",https://www.gvmcollege.com/,
320,"GVRS Institute for Professional Studies, Guntur",http://www.gvrseduinst.com/,
321,"Hakim Syed Ziaul Hasan Government Unani Medical College & Hospital, Bhopal",http://gumcbhopal.in/,
322,"Hartmann College, Bareilly",http://www.hartmanncollege.org.in/,
323,"Harvard College of Pharmacy, East Godavari",null,
324,"Haryana College Of Education HCE, Jind",http://hcek.org.in/,
325,"Hawabagh Womens College, Jabalpur",https://hawabaghcollege.com/,
326,"Hayagriva Polytechnic College, Puducherry",http://hayagrivapolytechnic.com/,
327,"Hazaribag College Of Dental Science And Hospital HCDSH, Hazaribagh",https://hcdsh.edu.in/,
328,"Higher And Technical Institute Of Mizoram HATIM, Lunglei",https://hatim.ac.in/,
329,"Hill College, Tadubi",https://hillcollegetadubi.nic.in/,
330,"Hills College Of Teacher Education HCTE, Naharlagun",https://www.hcte.org/,
331,"Him Education Pvt ITI, Shoghi",https://himeducationitishoghi.com/,
332,"Himalayan Pharmacy Institute, East Sikkim",http://www.hpi.ac.in/,
333,"Himalayan Pharmacy Institute, Majitar",http://www.hpi.ac.in/,
334,"Himalayan School of Science & Technology (HSST), Dehradun",https://srhu.edu.in/himalayan-school-of-science-and-technology,
335,"Hindu College for Post Graduation, Guntur",null,
336,"Hindu College Of Engineering, Sonepat",http://hcesonepat.org/hce/,
337,"Hindu College, Guntur",http://www.hcg.ac.in/,
338,"Hindustan College Of Engineering, Chennai",https://hindustanuniv.ac.in/,
339,"Hislop College, Nagpur",http://www.hislopcollege.ac.in/,
340,"Holy Cross College Of Nursing, Ambikapur",http://www.holycrossnursingcollege.org/,
341,"Holy Cross College, Agartala",https://www.holycrosscollege.in/,
342,"Holy Family College of Nursing, New Delhi",https://www.hfcondelhi.edu.in/,
343,"Holy Grace Academy Of Management Studies, Thrissur",http://www.holygracebschool.org/,
344,"Hotel Hospitality Pvt Industrial Training Institute, Hamirpur",https://www.hhiti.com/,
345,"Ideal Girls College, Imphal",http://www.igcakampat.ac.in/,
346,"IFIM Law School, Bangalore",https://ifimlawcollege.com/index.html,
347,"Immaculate College Of Education For Women, Puducherry",https://www.icepdy.org/,
348,"Immanuel College, Dimapur",http://immanuelcollege.in/,
349,"Imperial Institute Of Polytechnic & Technology, Jaipur",http://www.iipt.edu.in/,
350,"Indian Institute Of Carpet Technology IICT, Bhadohi",https://www.iict.ac.in/,
351,"Indian Institute Of Gemology, New Delhi",http://www.iigdelhi.org/,
352,"Indian Institute of Gems & Jewellery, New Delhi",http://iigjdelhi.org/,
353,"Indian Institute Of Management (IIM), Rohtak",https://www.iimrohtak.ac.in/,
354,"Indian Institute of Public Health (IIPH), Hyderabad",https://phfi.org/,
355,"Indian Institute of Science Education and Research (IISER), Tirupati",http://www.iisertirupati.ac.in/,
356,"Indian Institute Of Technology (IIT), Bombay",http://www.iitb.ac.in/,
357,"Indian Institute Of Technology (IIT), Roorkee",https://www.iitr.ac.in/,
358,"Indian School of Business Management & Administration (ISBM), Visakhapatnam",http://www.isbm.org.in/,
359,"Indira Gandhi Government College, Tezu",http://iggctezu.org/,
360,"Indira Gandhi Medical College And Research Institute, Puducherry",http://www.igmcri.com/,
361,"Indira Gandhi Polytechnic College, Mahe",https://www.igptc-mahe.org/,
362,"Indira Priyadarshini College of Nursing, Kadapa",https://www.ipcnkadapa.org/,
363,"Indo Global College Of Architecture, Abhipur",https://www.igef.net/our-colleges.php,
364,"Indo Global College Of Education, Abhipur",https://www.igef.net/our-colleges.php,
365,"Indo Global College Of Engineering, Abhipur",https://www.igef.net/our-colleges.php,
366,"Indu Tapeshwar Singh Mahila College, Bikramganj",http://www.itsmcollege.co.in/,
367,"Institute Of Advanced Studies in Education, Agartala",https://iasetripura.com/,
368,"Institute Of Co Operative Management, Bhopal",https://www.icmbpl.com/,
369,"Institute Of Dental Sciences, Jammu",https://idsjammu.co.in/,
370,"Institute Of Distance Education, Thiruvananthapuram",http://www.ideku.net/techStaffProfile.php,
371,"Institute Of Engineering & Rural Technology (IERT), Allahabad",http://www.iert.ac.in/,
372,"Institute Of Hotel Management & Catering Technology & Applied Nutrition, Dehradun",https://ihmddn.com/,
373,"Institute of Hotel Management (IHM), Gangtok",http://www.ihmgangtok.com/,
374,"Institute Of Hotel Management And Catering Technology And Applied Nutrition, Hyderabad",https://www.ihmhyd.org/,
375,"Institute Of Hotel Management Catering And Nutrition, Shimla",https://ihmshimla.org/,
376,"Institute Of Hotel Management Catering Technology & Applied Nutrition, Bathinda",http://www.ihmbti.com/,
377,"Institute Of Hotel Management Catering Technology And Applied Nutrition, Sikkim",https://www.ihmgangtok.com/,
378,"Institute Of Language Studies And Applied Social Sciences ILSASS, Anand",http://www.ilsass.edu.in/,
379,"Institute Of Management Sciences, Jammu",http://imsjammu.com/,
380,"Institute Of Nursing Sciences, Agartala",https://innscagt.blogspot.com/,
381,"Institute Of Psychiatry & Human Behaviour, Bambolim",https://iphb.goa.gov.in/,
382,"Institute Of Technology, Gopeshwar",https://itgopeshwar.ac.in/,
383,"Institute Of Technology, Mayyil",http://www.itmmba.ac.in/,
384,"Institute Of Textile Technology, Cuttack",https://www.ittchoudwar.org/,
385,"International College Of Financial Planning, New Delhi",https://www.icofp.org/,
386,"International Institute of Information Technology (IIIT), Naya Raipur",https://www.iiitnr.ac.in/,
387,"International Institute of Interior and Fashion Technology (IIIFT), Navi Mumbai",https://www.indcareer.com/maharashtra/mumbai/www.iiift.com,
388,"International Management Institute IMI, Bhubaneswar",https://imibh.edu.in/,
389,"International School Of Business & Media ISBM, Gurgaon",http://www.isbmgurgaon.com/,
390,"Ipcowala Santram College Of Fine Arts, Anand",http://www.isfinearts.edu.in/,
391,"Iqra Unani Medical Collge, Hospital & Research Centre, Jalgaon",http://www.iqramedicalcollege.in/,
392,"Islamic University Of Science And Technology School Of Technology, Pulwama",https://www.iustlive.com/,
393,"Islampur College, Islampur",https://www.islampurcollege.ac.in/,
394,"Iswar Chandra Vidyasagar College, Belonia",http://icvcollege.edu.in/,
395,"J S S College of Pharmacy, Mysore",https://jssuni.edu.in/,
396,"Jabalpur College Of Computers Communication JCCC, Jabalpur",http://jbpccc.in/,
397,"Jagadguru Shankaracharya College Of Nursing, Raipur",https://jscnraipur.com/,
398,"Jagarlamudi Kuppuswamy Choudary (JKC) College, Guntur",http://www.jkcc.ac.in/,
399,"Jagdish Sheth School of Management (formerly IFIM Business School, Bangalore)",https://www.jagsom.com/,
400,"Jaintia Eastern College, Khliehriat",http://www.jecollege.org/,
401,"Jalpaiguri Law College, Jalpaiguri",http://www.jalpaigurilawcollege.in/,
402,"Jammu College Of Physiotherapy, Jammu",http://www.jcpjammu.in/,
403,"Jasdev Singh Sandhu Degree College JSSDC, Patiala",http://www.jssgoi.com/jssdc-jasdev-singh-sandhu-degree-college/,
404,"Jawahar Bharati Degree College, Kavali",http://jawaharbharati.edu.in/jbdc2.html,
405,"Jawaharlal Nehru College, Pasighat",http://www.jncpasighat.org/,
406,"Jawaharlal Nehru Institute Of Medical Sciences JNIMS, Imphal East",http://jnims.nic.in/,
407,"Jawaharlal Nehru Rajkeeya Mahavidyalaya (JNRM), Port Blair",http://jnrm.and.nic.in/,
408,Jayaprakash Narayana College of Engineering,http://jpnce.ac.in/,
409,"JD Institute Of Fashion Technology, Mumbai",https://jdinstituteoffashiontechnology.com/,
410,"JDT Islam College of Nursing, Calicut",http://www.jdtnursing.org/,
411,"Jharkhand Vidhi Mahavidyalaya, Koderma",http://jharkhandvidhi.org/,
412,"Jindal Global Law School, Sonipat",http://www.jgls.edu.in/,
413,"JMJ College for Women, Tenali",http://jmjcollege.ac.in/,
414,"JNTU College of Engineering, Anatapur",http://www.jntucea.org/,
415,"JNTU College of Engineering, Kakinada",null,
416,"JNTUK University College of Engineering, Vizianagaram",http://jntukucev.ac.in/,
417,"Johri Professional College, Bhopal",http://johriprofessionalcollege.com/,
418,"Jyotsna Private Industrial Training Institute, Loharian",http://www.jyotsnaitihamirpur.com/,
419,"K K Institute Of Engineering And Management, Dhanbad",http://kkcemdhanbad.ac.in/,
420,"K L Bajoria College, Shillong",https://klbajoriacollege.org/,
421,"K L E Society's College of Pharmacy,Bidar",https://www.klesociety.org/,
422,"K.K.M College, Jamui",http://kkmcollege.ac.in/web/,
423,"Kabi Nazrul Mahavidyalaya, Sonamura",http://knmsonamura.ac.in/,
424,"Kakaraparti Bhavanarayana College PG Centre, Vijayawada",https://www.indcareer.com/andhra-pradesh/vijayawada/www.kbncollege.info,
425,"Kakaraparti Bhavanarayana College, Vijayawada (KBN College)",https://www.indcareer.com/andhra-pradesh/vijayawada/www.kbncollege.ac.in,
426,"Kakching Khunou College, Thoubal",https://kakchingkhunoucollege.in/,
427,"Kakinada Institute of Engineering and Technology, Kakinada",https://www.indcareer.com/andhra-pradesh/kakinada/www.kietnet.in,
428,"Kalaniketan Polytechnic College, Jabalpur",http://knpolyjbp.ac.in/,
429,"Kamakhya Pemton College, Imphal",https://www.kamakhyapemtoncollege.ac.in/,
430,"Kamaxi College of Culinary Arts (KCCA), Verna, Goa",https://www.kamaxicollege.edu.in/,
431,KANDULA SREENIVASA REDDY MEMORIAL COLLEGE OF ENGINEERING,null,
432,"Karaikal Polytechnic College, Karaikal",http://kptc.in/,
433,"Karavali College of Nursing Sciences (KCNS), Mangalore",https://www.karavalicollege.com/,
434,"Katras College, Katrasgarh",http://www.katrascollege.org/,
435,"Kelvin Institute Of Technology, Dehradun",http://www.kelvininstitute.edu.in/,
436,"Kesari College, Bagoda (Jalore)",null,
437,"KGK Academy Foundation, Surat",https://www.indcareer.com/gujarat/surat/kgkacademy.com,
438,"KGRL College, Bhimavaram",http://www.kgrlcollege.in/,
439,"Kha Manipur College, Kakching",https://www.khamanipurcollege.edu.in/,
440,"Khanchi Pvt ITI, Chakki",http://www.khanchiiti.com/,
441,"Khandelwal Vaish Girls Institute Of Technology (KVGIT), Jaipur",https://www.indcareer.com/rajasthan/jaipur/www.kvgit.in,
442,"Khelhoshe Polytechnic, Zunheboto",http://kpanagaland.org.in/,
443,"Khrawsing Christian College, Mawphlang",http://www.khrawsingchristiancollege.in/,
444,"Kisan Degree College, Sisouna, Jokihat (Araria)",null,
445,"KJ Somaiya Polytechnic - Somaiya Vidyavihar, Mumbai",https://polytechnic.somaiya.edu.in/polytechnic,
446,"Koneru Lakshmaiah College of Engineering, Guntur",https://www.indcareer.com/andhra-pradesh/guntur/www.kice.ac.in,
447,"Kongunadu College Of Nursing, Coimbatore",https://www.kongunadunursingcollege.com/,
448,"Kottam College of Engineering, kurnool",http://www.ktmk.in/,
449,"KPR and JL Siddhartha Degree College, Eluru",null,
450,"Krupajal Industrial Training Centre KITC, Bhubaneswar",http://www.krupajal.ac.in/iti.php,
451,"KSR Memorial College Of Engineering, Cuddapah",https://www.ksrmce.ac.in/,
452,"Kumbi College, Bishnupur",https://www.kumbicollege.com/,
453,"Kurnool Medical College, Kurnool",https://kurnoolmedicalcollege.in/,
454,"KV Ranga Reddy Degree College For Women, Hyderabad",http://kvrrdcw.ac.in/,
455,"KVM Institute Of Paramedical Sciences, Alappuzha",http://kvminstituteofparamedicalsciences.in/,
456,"Lady Reading Health School, Delhi",https://www.ladyreadinghealthschool.com/,
457,Laki Reddy Bali Reddy College of Engineering,https://www.lbrce.ac.in/,
458,"Lakshmi College Of Science Technology & Management, Thrissur",http://lakshmicollege.com/,
459,"Lal Bahadur Shastri PG College, Jaipur",https://www.lbscollege.com/,
460,"Langta Baba College, Mirjaganj",https://langtababacollege.in/,
461,"Law College, Dhanbad",https://www.lawcollegedhanbad.ac.in/,
462,"Laxminath College, Bangawn",null,
463,"LBS Centre For Science & Technology, Thiruvananthapuram",https://lbscentre.in/,
464,"Liberal College, Luwangsangbam",http://www.theliberalcollege.org/,
465,"Lilong Haoreibi College, Lilong",http://www.lhcollege.in/,
466,"LMS Law College, Imphal",http://lmslawcollege.com/,
467,"Lunglei Government College, Lunglei",http://lgc.ac.in/,
468,"M G College, Raneshwar",https://www.mgrcollege.org/,
469,"Maa Santoshi Industrial Training Institute, Bilaspur",http://itimaasantoshi.org/,
470,"Maan College of Paramedical Sciences, Bhopal",null,
471,"Madan Mohan Mahalviya Engineering College, Gorakhpur",http://www.mmmut.ac.in/,
472,"Madan Mohan Malviya PG College, Bhatpar Rani",http://mmmpgc.ac.in/,
473,Madanapalle Institute of Technology & Science,https://www.mits.ac.in/,
474,"Mahalaxmi Jagdamba Arts Commerce & Science College, Nagpur - M.J.College",https://www.mjcolleges.com/index.html,
475,"Mahant Bachittar Singh College Of Engineering & Technology MBSCET, Jammu",http://www.mbscet.in/,
476,"Maharishi Markandeshwar College Of Dental Sciences And Research MMCDSR, Ambala",https://www.mmumullana.org/institute/dental-sciences/,
477,"Maharshi Valmiki College Of Education, New Delhi",https://www.mvce.ac.in/,
478,"Mahati College of Pharmacy, Madanaplle",http://mahathicollegeofpharmacy.in/,
479,"Mahatma Gandhi Arts and Science College, Chendayad",null,
480,"Mahatma Gandhi College, Guntur",http://www.mahatmagandhicollege.com/,
481,"Mahatma Gandhi Degree College, Guntur",http://www.mahatmagandhicollege.com/,
482,"Mahatma Gandhi Dental College & Hospital, Jaipur",https://mgumst.org/dental-college/,
483,"Mahatma Gandhi Government College (MGGC), Mayabunder",http://www.and.nic.in/,
484,"Mahe Co Operative College Of Teacher Education, Mahe",http://www.mahecooperativecollege.com/mccte/,
485,"Malik Sandal Institute of Art & Architecture, Bijapur",https://msiaa.secab.org/,
486,"Malwa College Of Nursing, Kotkapura",https://malwa.org/malwacollegeofnursing.php,
487,"Manda Institute Of Technology MIT, Bikaner",http://mitbikaner.ac.in/,
488,"Mandar College, Mandar",http://www.mandarcollegemandar.org/,
489,Manipur Institute of Technology (MIT Imphal),https://mitimphal.in/,
490,"Maris Stella College, Vijayawada",http://www.marisstella.ac.in/,
491,"Maryland Institute Of Technology & Management MITM, Jamshedpur",http://www.mditm.com/,
492,"Master Institute of Management Science And Technology, Nellore",http://masterkavali.com/,
493,"Mata Balasundry Pvt ITI, Nahan",http://mbsitinahan.org/,
494,"Mata Parvati Industrial Training Institute, Nurpur",https://www.mataparvatiiti.org/,
495,"Maulana Azad College Of Technology, Bhopal",http://www.manit.ac.in/,
496,"Maulana Azad Institute Of Dental Sciences, New Delhi",http://maids.ac.in/,
497,"Mawlai Presbyterian College, Shillong",http://mawlaipresbyteriancollege.org/,
498,"Mawsynram Border Area College, Mawsynram",http://www.mawsynramborderareacollege.com/,
499,"Mayai Lambi College, Imphal",http://www.mayailambicollege.in/,
500,"MBTS Govt Polytechnic, GUNTUR",null,